ISOP1CO2N3OOH4OH,ICHNP
ISOP1CO2OOH3N4OH,ICHNP
ISOP1OH2OOH3N4CO,ICHNP
ISOP1OH2N3OOH4CO,ICHNP
ISOP1OH2OOH3OOH4CO,ICPDH
ISOP1CO2OOH3OOH4OH,ICPDH
MACR2OOH3OH,MACR2OOH3OH
ISOP1OH2N3CO4OH,IDHCN
ISOP3OH4OH,ISOP3CO4OH
ISOP1OH2OH,ISOP1OH4CO
ISOP1OH2OOH3CO4OH,ICPDH
ISOP1OH4OH,ISOP1OH4CO
ISOP1CO23O4OOH,ICHE
MVK3OOH4CO4OOH,MVK3OH4CO
MACR2OOH3CO3OOH,MACR2OH3CO
ISOP1CO2N3OOH4OOH,ICHNP
HPETHNL,HPETHNL
ISOP1CO2OOH3N4OOH,ICHNP
ISOP1CO2OOH3OOH4OOH,ICPDH
ISOP1CO2OOH3OOH4N,ICHNP
ISOP1OOH23O4CO,ICHE
ISOP1OOH2OOH3N4CO,ICHNP
ISOP1OOH2OOH3OOH4CO,ICPDH
ISOP1OOH2N3OOH4CO,ICHNP
ISOP1N2OOH3OOH4CO,ICHNP
ISOP1OOH23O3OH4N,IHNPE
ISOP1N2OOH34O4OH,IHNPE
ISOP1OH12O3OOH4N,IHNPE
ISOP1CO2OOH3OOH4CO,IDCHP
ISOP1OOH2OOH3CO4CO,IDCHP
ISOP1CO2OOH34O4OH,IDHPE
ISOP1OH12O3OOH4CO,IDHPE
HPAC,HPAC
CH3CO3,CH3CO3
MVK3OOH4OH4OH,MVK3OOH4OH
MVK3OH4OOH,MVK3OH4OOH
MVK3N4OH4OH,MVK3N4OH
ETHLN,ETHLN
MACR2OH3OOH,MACR2OH3OOH
MACR1OOH,MACR1OOH
MACR1OH,MACR1OH
MACR2N3OH,MACRNO2
MACR2OH3N,MACR2OH3N
HMML,HMML
MPAN1OH2OOH,MPANHN
ISOP1OH2OOH3OH4CO,ICPDH
ISOP1OH2OOH3OH4N,IDHPN
ISOP1OH2N3OH4OOH,IDHPN
ISOP1OH2OOH3OH4OOH,IDHDP
ISOP1OOH2OH3CO4OH,ICPDH
ISOP1OOH2OH34O4OH,IDHPE
ISOP1N2OH3OOH4OH,IDHPN
ISOP1OOH2OH3N4OH,IDHPN
ISOP1OOH2OH3OOH4OH,IDHDP
ISOP1CO2OH3OOH4OH,ICPDH
ISOP1OH2OOH3N4OH,IDHPN
ISOP1OH2OOH3OOH4OH,IDHDP
ISOP1OH12O3OOH4OH,IDHPE
ISOP1OH12O3OH4OOH,IDHPE
ISOP1OH2N3OOH4OH,IDHPN
ISOP1OH2OOH34O4OH,IDHPE
ISOP1N2OOH3OH4CO,ICHNP
ISOP1CO2OH3OOH4N,ICHNP
ISOP1OOH2OH3CO4N,ICHNP
ISO1OH12O,ICHE
ISOP1OH23O4CO,ICHE
ISOP1CO23O4OH,ICHE
ISOP1CO2OH34O,ICHE
ISOP12O3OH4CO,ICHE
ISOP12O3CO4OH,ICHE
ISOP1OH3OH4CO,ICPDH
ISOP1CO3OH4OH,ICPDH
ISOP1OH2OH3N4CO,IDHCN
ISOP1OH2OH3OOH4CO,ICPDH
ISOP1CO2OOH3OH4OH,ICPDH
ISOP1CO2N3OH4OH,ICHDN
ISOP1CO4CO,ISOP1CO4CO
PYRAC,PYRAC
MACR3OH3OOH,MACR2OH3OOH
MVK3OH3OOH,MVK3OH4OOH
ISOP1CO2OOH3OH4CO,IDCHP
ISOP1OH2OOH3CO4CO,IDCHP
ISOP1CO2OH3OOH4CO,IDCHP
ISOP1OOH2OH3CO4CO,IDCHP
ISOP1OH2N3OH4N,IDHDN
ISOP1OH2N3N4OH,IDHDN
ISOP1CO2N3OH4OOH,ICHNP
ISOP1N2OH3N4OH,IDHDN
ISOP1OOH2OH3N4CO,ICHNP
ISOP1N2N,IDN
ISOP1N4N,IDN
ISOP3N4N,IDN
MACR4N,MACR2OH3N
ISOP12O3OH4OOH,ICHE
ISOP1OOH2OH34O,ICHE
ISOP1N2OOH3N4OH,IHPDN
PROPNN,PROPNN
MACR2OOH3N,MACR2OOH3N
ISOP1N2OOH3OOH4OH,IHNDP
ISOP1N2OOH3OH4N,IHPDN
ISOP1N2OOH3OH4OOH,IHNDP
ISOP1N2OH3N4OOH,IHPDN
ISOP1N2OH3OOH4OOH,IHNDP
ISOP1N2N3OH4OOH,IHPDN
ISOP1OH2N3OOH4N,IHPDN
MVK3OOH4N,MVK3OOH4N
ISOP1OH2OOH3OOH4N,IHNDP
ISOP1N2OH3OOH4N,IHPDN
ISOP1OOH2OH3OOH4N,IHNDP
ISOP1OOH2N3OH4N,IHPDN
ISOP1OOH2OOH3OH4N,IHNDP
ISOP1OOH2OH3N4N,IHPDN
ISOP1N2N3OOH4OH,IHPDN
ISOP1OH2OOH3N4N,IHPDN
ISOP1N23O4CO,ICNE
ISOP1CO23O4N,ICNE
ISOP1N2OH3CO4OOH,ICHNP
ISOP12O3CO4N,ICNE
ISOP1N2OH3CO4N,ICHDN
ISOP1OH2OOH3CO4N,ICHNP
MVK3CO4N,MVK3CO4N
ISOP1OH2N3CO4N,ICHDN
ISOP1N2N3CO4OH,ICHDN
ISOP1N4CO4OOH,ICHNP
ISOP1N4CO4OH,ICHNP
MACR2N3N,MACR2OH3N
ISOP1CO1OOH4N,ICHNP
ISOP1CO1OH4N,ICHNP
MVK3N4N,MVK3N4OH
ISOP1N2OH3OOH4CO,ICHNP
ISOP1N2OH3N4CO,ICHDN
ISOP1CO2OOH3OH4N,ICHNP
ISOP1CO2N3OH4N,ICHDN
ISOP1N2OOH3OH4OH,IDHPN
ISOP1OH2OH3OOH4N,IDHPN
ISOP1N2N3OH4OH,IDHDN
ISOP1OH2OH3N4N,IDHDN
ISOP1N2OH3OH4OOH,IDHPN
ISOP1OOH2OH3OH4N,IDHPN
ISOP1N2OH3OH4N,IDHDN
ISOP1CO1OH4OH,ICPDH
ISOP1OH4CO4OH,ICPDH
ISOP1CO1OOH4OH,ICPDH
ISOP1OH4CO4OOH,ICPDH
ISOP1OH2OH3OO4CO,IEPOXBOO
ISOP1OH2OO3CO4OH,ICHOO
ISOP1N4O,INO
ISOP12O3OH4N,IHNE
ISOP1OH23O4N,IHNE
ISOP1N2OH34O,IHNE
ISOP1OH2OOH3OH4OO,IHPOO1
ISOP1OH2OO3OH4OOH,IHPOO1
ISOP1N2OH3OO4OH,IDHNDOO1
ISOP1N2OO3OH4OH,IDHNDOO1
ISOP1N2OH3OO4CO,ICN1OO
ISOP1CO2OO3OH4N,ICN2OO
ISOP1OH2OO3CO4N,ICN3OO
ISOP1N4CO4OO,ICN4OO
ISOP1CO1OO4N,ICN5OO
ISOP1CO2OO3OH4OH,IEPOXAOO
ISOP1N2OO,INO2B
ISOP3OO4N,INO2B
ISOP1N4OO,INO2D
ISOP1OO4N,INO2D
